<?xml version="1.0" encoding="UTF-8" ?>
<feedback>
  <version>1.0</version>
  <report_metadata>
    <org_name>google.com</org_name>
    <email>noreply-dmarc-support@google.com</email>
    <extra_contact_info>https://support.google.com/a/answer/2466580</extra_contact_info>
    <report_id>17340555014172664669</report_id>
    <date_range>
      <begin>1757548800</begin>
      <end>1757635199</end>
    </date_range>
  </report_metadata>
  <policy_published>
    <domain>friuliemergenze.it</domain>
    <adkim>s</adkim>
    <aspf>s</aspf>
    <p>quarantine</p>
    <sp>quarantine</sp>
    <pct>100</pct>
    <np>quarantine</np>
  </policy_published>
  <record>
    <row>
      <source_ip>136.143.169.58</source_ip>
      <count>2</count>
      <policy_evaluated>
        <disposition>none</disposition>
        <dkim>pass</dkim>
        <spf>pass</spf>
      </policy_evaluated>
    </row>
    <identifiers>
      <header_from>friuliemergenze.it</header_from>
    </identifiers>
    <auth_results>
      <dkim>
        <domain>friuliemergenze.it</domain>
        <result>pass</result>
        <selector>dkim</selector>
      </dkim>
      <spf>
        <domain>friuliemergenze.it</domain>
        <result>pass</result>
      </spf>
    </auth_results>
  </record>
</feedback>
